" Ферма 480 Mh/s, 12 карт P104-100 серия майнинг"," 
  580 000 р.  
 ",04_25_2018,/sankt-peterburg/tovary_dlya_kompyutera/ferma_480_mhs_12_kart_p104-100_seriya_mayning_1260103947?slocation=653240
 Видеокарта Asus GeForce GTX 1050TI strix," 
  13 000 р.  
 ",04_25_2018,/sankt-peterburg/tovary_dlya_kompyutera/videokarta_asus_geforce_gtx_1050ti_strix_1700017739
" Antminer Asic s9(13.5Th) Март, Апрель"," 
  99 000 р.  
 ",04_25_2018,/sankt-peterburg/tovary_dlya_kompyutera/antminer_asic_s913.5th_mart_aprel_986618418
 Sapphire RX 570 8 Gb Radeon Nitro+. Видеокарта," 
  23 999 р.  
 ",04_25_2018,/sankt-peterburg/tovary_dlya_kompyutera/sapphire_rx_570_8_gb_radeon_nitro._videokarta_1605324618?slocation=653240
 Видео карты Gigabyte PCI-E GV-NP106D59-6G GTX 1060," 
  120 000 р.  
 ",04_25_2018,/sankt-peterburg/tovary_dlya_kompyutera/video_karty_gigabyte_pci-e_gv-np106d59-6g_gtx_1060_986364837
 Gigabyte GeForce GTX 780," 
  10 000 р.  
 ",04_25_2018,/sankt-peterburg/tovary_dlya_kompyutera/gigabyte_geforce_gtx_780_1068023791
" Переходники для видеокарт,райзеры,все для майнинга"," 
  500 р.  
 ",04_25_2018,/sankt-peterburg/tovary_dlya_kompyutera/perehodniki_dlya_videokartrayzeryvse_dlya_mayninga_804708968
 Nvidia 8800gts," 
  500 р.  
 ",04_25_2018,/sankt-peterburg/tovary_dlya_kompyutera/nvidia_8800gts_1488733172
 Видеокарта," 
  1 000 р.  
 ",04_25_2018,/sankt-peterburg/tovary_dlya_kompyutera/videokarta_1227977567?slocation=653240
 Gtx 970 evga," 
  12 500 р.  
 ",04_25_2018,/sankt-peterburg/tovary_dlya_kompyutera/gtx_970_evga_1622619919?slocation=653240
 PNY Quadro FX 3800 1 Gb," 
  1 500 р.  
 ",04_25_2018,/sankt-peterburg/tovary_dlya_kompyutera/pny_quadro_fx_3800_1_gb_1685370805
 Видеокарта 4GTX 660," 
  3 500 р.  
 ",04_25_2018,/sankt-peterburg/tovary_dlya_kompyutera/videokarta_4gtx_660_1258840371
 Gtx 1080 ti," 
  49 000 р.  
 ",04_25_2018,/sankt-peterburg/tovary_dlya_kompyutera/gtx_1080_ti_1082974224
 Майнинг ферма 2* rx580 (8gb)," 
  90 000 р.  
 ",04_25_2018,/sankt-peterburg/tovary_dlya_kompyutera/mayning_ferma_2_rx580_8gb_1127011350
 Gtx 1060 rog Strix ddr5 SAMSUNG 6g," 
  23 300 р.  
 ",04_25_2018,/sankt-peterburg/tovary_dlya_kompyutera/gtx_1060_rog_strix_ddr5_samsung_6g_1067217649
 Gigabyte aorus rx 580 4gb," 
  75 000 р.  
 ",04_25_2018,/sankt-peterburg/tovary_dlya_kompyutera/gigabyte_aorus_rx_580_4gb_1573238919?slocation=653240
" Asus K70AB HD4570 видео, проц. AMD QL-65, DDR-2"," 
  200 р.  
 ",04_25_2018,/sankt-peterburg/tovary_dlya_kompyutera/asus_k70ab_hd4570_video_prots._amd_ql-65_ddr-2_1630114621
 Видеокарта GeForce GTX 1070Ti," 
  38 500 р.  
 ",04_25_2018,/sankt-peterburg/tovary_dlya_kompyutera/videokarta_geforce_gtx_1070ti_1569885032?slocation=653240
 Майнинг риг 1060*8 (6 gb Palit Dual) SAMSUNG," 
  180 000 р.  
 ",04_25_2018,/sankt-peterburg/tovary_dlya_kompyutera/mayning_rig_10608_6_gb_palit_dual_samsung_1449206903
 Видеокарта asus GeForce GTX 780 на запчасти," 
  3 000 р.  
 ",04_25_2018,/sankt-peterburg/tovary_dlya_kompyutera/videokarta_asus_geforce_gtx_780_na_zapchasti_1342638397?slocation=653240
 Майнинг ферма 4* RX 480 G1," 
  125 000 р.  
 ",04_25_2018,/sankt-peterburg/tovary_dlya_kompyutera/mayning_ferma_4_rx_480_g1_1616120599
 Видеокарты Gigabyte 1060 3gb windforce," 
  19 500 р.  
 ",04_25_2018,/sankt-peterburg/tovary_dlya_kompyutera/videokarty_gigabyte_1060_3gb_windforce_1312696840?slocation=653240
 Видеокарта Radeon RX 560 4G," 
  9 000 р.  
 ",04_25_2018,/sankt-peterburg/tovary_dlya_kompyutera/videokarta_radeon_rx_560_4g_1669838681?slocation=653240
 MSI GTX 1080," 
  42 000 р.  
 ",04_25_2018,/sankt-peterburg/tovary_dlya_kompyutera/msi_gtx_1080_1617169773?slocation=653240
 Ферма Gigabyte Aorus RX 580," 
  90 000 р.  
 ",04_25_2018,/sankt-peterburg/tovary_dlya_kompyutera/ferma_gigabyte_aorus_rx_580_1520523470
 Видеокарта Radeon RX 570 4 G asus Expedition," 
  20 000 р.  
 ",04_25_2018,/sankt-peterburg/tovary_dlya_kompyutera/videokarta_radeon_rx_570_4_g_asus_expedition_1439150243?slocation=653240
 Платы видеозахвата TinyVN4 Pro2," 
  500 р.  
 ",04_25_2018,/sankt-peterburg/tovary_dlya_kompyutera/platy_videozahvata_tinyvn4_pro2_623871251
 Gigabyte GV-R955128D AGP (ATI Radeon 9550 VPU)," 
  350 р.  
 ",04_25_2018,/sankt-peterburg/tovary_dlya_kompyutera/gigabyte_gv-r955128d_agp_ati_radeon_9550_vpu_1081014076
 Майнинг Ферма 6x1060 146 mhs," 
  130 000 р.  
 ",04_25_2018,/sankt-peterburg/tovary_dlya_kompyutera/mayning_ferma_6x1060_146_mhs_1125376060
 Asus Rog Strix RX580 8 gb SAMSUNG," 
  25 000 р.  
 ",04_25_2018,/sankt-peterburg/tovary_dlya_kompyutera/asus_rog_strix_rx580_8_gb_samsung_1505381752
" Видеокарты gigabyte gtx 1060, 3gb"," 
  18 000 р.  
 ",04_25_2018,/sankt-peterburg/tovary_dlya_kompyutera/videokarty_gigabyte_gtx_1060_3gb_1186161806
 Asus Strix 560 4g," 
  10 000 р.  
 ",04_25_2018,/sankt-peterburg/tovary_dlya_kompyutera/asus_strix_560_4g_1218815076?slocation=653240
 Sapphire Radeon HD 7950 Dual-X на разборку," 
  4 500 р.  
 ",04_25_2018,/sankt-peterburg/tovary_dlya_kompyutera/sapphire_radeon_hd_7950_dual-x_na_razborku_1690184844?slocation=653240
 Gigabyte GTX 1060 G1 Gaming 6Gb (rev.2.0)," 
  23 000 р.  
 ",04_25_2018,/sankt-peterburg/tovary_dlya_kompyutera/gigabyte_gtx_1060_g1_gaming_6gb_rev.2.0_1412448828
 GA Gtx 650 2gb," 
  2 500 р.  
 ",04_25_2018,/sankt-peterburg/tovary_dlya_kompyutera/ga_gtx_650_2gb_1607121427
 Видеокарта Radeon 9200SE 64MB DDR TVout," 
  300 р.  
 ",04_25_2018,/sankt-peterburg/tovary_dlya_kompyutera/videokarta_radeon_9200se_64mb_ddr_tvout_748890096
" Видеокарта VGA, DVI, TV-out"," 
  200 р.  
 ",04_25_2018,/sankt-peterburg/tovary_dlya_kompyutera/videokarta_vga_dvi_tv-out_1348960638?slocation=653240
 Видеокарта nvideo Quadro," 
  1 000 р.  
 ",04_25_2018,/sankt-peterburg/tovary_dlya_kompyutera/videokarta_nvideo_quadro_1261123941?slocation=653240
 Видеокарта," 
  17 000 р.  
 ",04_25_2018,/sankt-peterburg/tovary_dlya_kompyutera/videokarta_1475967260?slocation=653240
 Райзер," 
  250 р.  
 ",04_25_2018,/sankt-peterburg/tovary_dlya_kompyutera/rayzer_1354021106
 Нерабочая Gigabyte GeForce GTX 1080 Ti," 
  17 000 р.  
 ",04_25_2018,/sankt-peterburg/tovary_dlya_kompyutera/nerabochaya_gigabyte_geforce_gtx_1080_ti_1406259077?slocation=653240
 Видеокарта 1 гб 550 ti," 
  1 990 р.  
 ",04_25_2018,/sankt-peterburg/tovary_dlya_kompyutera/videokarta_1_gb_550_ti_1568011728
" Старые видеокарты AGP, PCI, PCI-e"," 
Бесплатно
 ",04_25_2018,/sankt-peterburg/tovary_dlya_kompyutera/starye_videokarty_agp_pci_pci-e_935487668
 Видеокарта nvidia GeForce GTX 750 TI 2 гб," 
  6 000 р.  
 ",04_25_2018,/sankt-peterburg/tovary_dlya_kompyutera/videokarta_nvidia_geforce_gtx_750_ti_2_gb_1430976637?slocation=653240
 R7 360 2G D5," 
  4 000 р.  
 ",04_25_2018,/sankt-peterburg/tovary_dlya_kompyutera/r7_360_2g_d5_1663747555
 Asus R9 270 2gb," 
  7 000 р.  
 ",04_25_2018,/sankt-peterburg/tovary_dlya_kompyutera/asus_r9_270_2gb_979926050
 Новая майнинг ферма 24шт RX580 720mh на Etherium," 
  695 000 р.  
 ",04_25_2018,/sankt-peterburg/tovary_dlya_kompyutera/novaya_mayning_ferma_24sht_rx580_720mh_na_etherium_1006775001
 Видеокарта," 
  360 000 р.  
 ",04_25_2018,/sankt-peterburg/tovary_dlya_kompyutera/videokarta_1504606570
 Видеокарта," 
  100 р.  
 ",04_25_2018,/sankt-peterburg/tovary_dlya_kompyutera/videokarta_1334809280?slocation=653240
" Рейзер(Riser) ver.008s. SATA, 6pin, Molex"," 
  600 р.  
 ",04_25_2018,/sankt-peterburg/tovary_dlya_kompyutera/reyzerriser_ver.008s._sata_6pin_molex_1658421077?slocation=653240
 Майнинг ферма (1060x4)," 
  110 000 р.  
 ",04_25_2018,/sankt-peterburg/tovary_dlya_kompyutera/mayning_ferma_1060x4_1391254069?slocation=653240
 Zotac GTX760 2GB gddr5," 
  4 000 р.  
 ",04_25_2018,/sankt-peterburg/tovary_dlya_kompyutera/zotac_gtx760_2gb_gddr5_1124305667?slocation=653240
 Майнинг ферма 8 nvidia 1060 6gb," 
  200 000 р.  
 ",04_25_2018,/sankt-peterburg/tovary_dlya_kompyutera/mayning_ferma_8_nvidia_1060_6gb_1720958037
 Baikal Giant B новый в наличии Спб," 
  155 000 р.  
   ",04_25_2018,/sankt-peterburg/tovary_dlya_kompyutera/baikal_giant_b_novyy_v_nalichii_spb_1604896197
 G750JM MXM Rev. 2.0," 
  12 000 р.  
 ",04_25_2018,/sankt-peterburg/tovary_dlya_kompyutera/g750jm_mxm_rev._2.0_958147429
 Baikal Giant B (BM1357) из наличия в Петербурге," 
  150 000 р.  
 ",04_25_2018,/sankt-peterburg/tovary_dlya_kompyutera/baikal_giant_b_bm1357_iz_nalichiya_v_peterburge_1536225483
 Майнинг ферма на 2 картах GTX 1060," 
  78 500 р.  
 ",04_25_2018,/sankt-peterburg/tovary_dlya_kompyutera/mayning_ferma_na_2_kartah_gtx_1060_1587775006
 Ферма майнинг," 
  159 000 р.  
 ",04_25_2018,/sankt-peterburg/tovary_dlya_kompyutera/ferma_mayning_1002231213
 Майнинг ферма на Palit GeForce GTX 1060 (4 шт.)," 
  90 000 р.  
   ",04_25_2018,/sankt-peterburg/tovary_dlya_kompyutera/mayning_ferma_na_palit_geforce_gtx_1060_4_sht._1113948135
 Видеокарта 1050ti gigabyte," 
  5 000 р.  
 ",04_25_2018,/sankt-peterburg/tovary_dlya_kompyutera/videokarta_1050ti_gigabyte_1451359257
 Пк GTX 1080ti," 
  110 000 р.  
 ",04_25_2018,/sankt-peterburg/tovary_dlya_kompyutera/pk_gtx_1080ti_1245642582
 Gigabyte Radeon RX 580 Gaming 8192Mb gddr5 Новая," 
  24 000 р.  
 ",04_25_2018,/sankt-peterburg/tovary_dlya_kompyutera/gigabyte_radeon_rx_580_gaming_8192mb_gddr5_novaya_1423710222
 Видеокарта ATI FireGL V8650," 
  7 500 р.  
 ",04_25_2018,/sankt-peterburg/tovary_dlya_kompyutera/videokarta_ati_firegl_v8650_1334882653?slocation=653240
 Видеокарта GTX 1070 Windforce OC," 
  31 990 р.  
 ",04_25_2018,/sankt-peterburg/tovary_dlya_kompyutera/videokarta_gtx_1070_windforce_oc_1686774926
 Nvidia geforce gts 250," 
  500 р.  
 ",04_25_2018,/sankt-peterburg/tovary_dlya_kompyutera/nvidia_geforce_gts_250_1594661613
 Видеокарты в ассортименте," 
Цена не указана
 ",04_25_2018,/sankt-peterburg/tovary_dlya_kompyutera/videokarty_v_assortimente_907981253
 Майнинг ферма GTX1080 TI," 
  423 000 р.  
 ",04_25_2018,/sankt-peterburg/tovary_dlya_kompyutera/mayning_ferma_gtx1080_ti_1031981852
 Asus GeForce GTX 1050 Ti 4096Mb cerberus," 
  13 990 р.  
 ",04_25_2018,/sankt-peterburg/tovary_dlya_kompyutera/asus_geforce_gtx_1050_ti_4096mb_cerberus_1111675786
 Asus GeForce GTX 1060 dual-GTX1060-6G 6144 mb," 
  28 700 р.  
 ",04_25_2018,/sankt-peterburg/tovary_dlya_kompyutera/asus_geforce_gtx_1060_dual-gtx1060-6g_6144_mb_1169925895
 Asus GeForce GTX 1050Ti OC EX-GTX1050TI-O4G," 
  14 700 р.  
 ",04_25_2018,/sankt-peterburg/tovary_dlya_kompyutera/asus_geforce_gtx_1050ti_oc_ex-gtx1050ti-o4g_1182710734
 MSI GeForce GTX 1080 Ti Gaming X 11g," 
  53 000 р.  
 ",04_25_2018,/sankt-peterburg/tovary_dlya_kompyutera/msi_geforce_gtx_1080_ti_gaming_x_11g_1692798231
 Radeon 9250 128MB AGP," 
  199 р.  
 ",04_25_2018,/sankt-peterburg/tovary_dlya_kompyutera/radeon_9250_128mb_agp_1016036427
 Плата видеозахвата на 16 каналов xecap200A," 
  350 р.  
 ",04_25_2018,/sankt-peterburg/tovary_dlya_kompyutera/plata_videozahvata_na_16_kanalov_xecap200a_1167413402
 Продам ферму 1060 6Гб х 10шт на местной гарантии," 
  260 000 р.  
 ",04_25_2018,/sankt-peterburg/tovary_dlya_kompyutera/prodam_fermu_1060_6gb_h_10sht_na_mestnoy_garantii_1301280962
 Предохранители для видеокарт," 
  275 р.  
 ",04_25_2018,/sankt-peterburg/tovary_dlya_kompyutera/predohraniteli_dlya_videokart_1590715749?slocation=653240
 Видеокарта Radeon X300 SE 128MB HyperMemory V/D/VO," 
  900 р.  
 ",04_25_2018,/sankt-peterburg/tovary_dlya_kompyutera/videokarta_radeon_x300_se_128mb_hypermemory_vdvo_1226206298?slocation=653240
 RX 560 Asus 4g EVO," 
  9 500 р.  
 ",04_25_2018,/sankt-peterburg/tovary_dlya_kompyutera/rx_560_asus_4g_evo_1288169275?slocation=653240
 Geforce2 mx400," 
  250 р.  
 ",04_25_2018,/sankt-peterburg/tovary_dlya_kompyutera/geforce2_mx400_932527761
 Sapphire Radeon RX570 8GB на 8 карт," 
  290 000 р.  
 ",04_25_2018,/sankt-peterburg/tovary_dlya_kompyutera/sapphire_radeon_rx570_8gb_na_8_kart_1571941442
 Видеокарта," 
  10 000 р.  
 ",04_25_2018,/sankt-peterburg/tovary_dlya_kompyutera/videokarta_1383782244
 Ферма GeForce gtx 1070 из 8 видеокарт," 
  345 000 р.  
 ",04_25_2018,/sankt-peterburg/tovary_dlya_kompyutera/ferma_geforce_gtx_1070_iz_8_videokart_1275108454
 Gigabyte RX570 4G MIning (GV-RX570gaming-4GD-MI)," 
  17 600 р.  
 ",04_25_2018,/sankt-peterburg/tovary_dlya_kompyutera/gigabyte_rx570_4g_mining_gv-rx570gaming-4gd-mi_1506476965
 Майнинг ферма 228 видеокарт," 
  4 500 000 р.  
 ",04_25_2018,/sankt-peterburg/tovary_dlya_kompyutera/mayning_ferma_228_videokart_1197271016
 Две видеокарты MSI GeForce GTX1080 Sea Hawk EK X," 
  45 000 р.  
 ",04_25_2018,/sankt-peterburg/tovary_dlya_kompyutera/dve_videokarty_msi_geforce_gtx1080_sea_hawk_ek_x_1098327908
 Новенькая Майнинг Ферма из 6 видеокарт," 
  229 990 р.  
 ",04_25_2018,/sankt-peterburg/tovary_dlya_kompyutera/novenkaya_mayning_ferma_iz_6_videokart_1535279348
 Evga GeForce GTX 1070 FTW gaming," 
  15 000 р.  
 ",04_25_2018,/sankt-peterburg/tovary_dlya_kompyutera/evga_geforce_gtx_1070_ftw_gaming_1720273991?slocation=653240
" GeForce 2 MX 400 64mb, agp слот"," 
  50 р.  
 ",04_25_2018,/sankt-peterburg/tovary_dlya_kompyutera/geforce_2_mx_400_64mb_agp_slot_1217721251
 Msi gtx 1060 OC 3gb," 
  17 000 р.  
 ",04_25_2018,/sankt-peterburg/tovary_dlya_kompyutera/msi_gtx_1060_oc_3gb_1682642427?slocation=653240
" GTX 1070 Ti gaming 8G, 36 месяцев гарантия"," 
  43 500 р.  
 ",04_25_2018,/sankt-peterburg/tovary_dlya_kompyutera/gtx_1070_ti_gaming_8g_36_mesyatsev_garantiya_1493293876
 Видео карта," 
  2 000 р.  
 ",04_25_2018,/sankt-peterburg/tovary_dlya_kompyutera/video_karta_982262041?slocation=653240
 Предохранители для видеокарт," 
  275 р.  
 ",04_25_2018,/sankt-peterburg/tovary_dlya_kompyutera/predohraniteli_dlya_videokart_1590715749?slocation=653240
 Gigabyte RX570 4G MIning (GV-RX570gaming-4GD-MI)," 
  17 600 р.  
 ",04_25_2018,/sankt-peterburg/tovary_dlya_kompyutera/gigabyte_rx570_4g_mining_gv-rx570gaming-4gd-mi_1506476965
 Asus 1050Ti 4gb," 
  10 500 р.  
   ",04_25_2018,/sankt-peterburg/tovary_dlya_kompyutera/asus_1050ti_4gb_1369432212?slocation=653240
 Видеокарты pcie16 от GTX1070 до GTX1080Ti," 
  28 000 р.  
 ",04_25_2018,/sankt-peterburg/tovary_dlya_kompyutera/videokarty_pcie16_ot_gtx1070_do_gtx1080ti_1591497970?slocation=653240
" Видеокарты 6Gb Asus nvidia GeForce,GTX 1060 6Gb"," 
  23 500 р.  
 ",04_25_2018,/sankt-peterburg/tovary_dlya_kompyutera/videokarty_6gb_asus_nvidia_geforcegtx_1060_6gb_1246294882?slocation=653240
 Sapphire RX 570 4 Gb Radeon (Nitro+)," 
  22 999 р.  
 ",04_25_2018,/sankt-peterburg/tovary_dlya_kompyutera/sapphire_rx_570_4_gb_radeon_nitro_1297426214?slocation=653240
 Райзер," 
  150 р.  
 ",04_25_2018,/sankt-peterburg/tovary_dlya_kompyutera/rayzer_1133046563?slocation=653240
 RX 570 8Gb Gaming Gigabyte GV-RX570gaming," 
  20 500 р.  
   ",04_25_2018,/sankt-peterburg/tovary_dlya_kompyutera/rx_570_8gb_gaming_gigabyte_gv-rx570gaming_1390286766?slocation=653240
 Видео карта GT630 2048m ddr3 128b," 
  500 р.  
 ",04_25_2018,/sankt-peterburg/tovary_dlya_kompyutera/video_karta_gt630_2048m_ddr3_128b_1468700174
 Видео карта asus en9400gt 512m," 
  300 р.  
 ",04_25_2018,/sankt-peterburg/tovary_dlya_kompyutera/video_karta_asus_en9400gt_512m_1076206885
 Gigabyte GeForce GTX 970 GV-N970G1 gaming-4GD," 
  14 500 р.  
 ",04_25_2018,/sankt-peterburg/tovary_dlya_kompyutera/gigabyte_geforce_gtx_970_gv-n970g1_gaming-4gd_1422851276?slocation=653240
 GTX 1070 armor 8G OC в наличии," 
  40 500 р.  
 ",04_25_2018,/sankt-peterburg/tovary_dlya_kompyutera/gtx_1070_armor_8g_oc_v_nalichii_1520627690
 Райзеры ver 008 6pin+SATA+molex(Premium вариант)," 
  700 р.  
 ",04_25_2018,/sankt-peterburg/tovary_dlya_kompyutera/rayzery_ver_008_6pinsatamolexpremium_variant_964583201
 USB 3.0 Riser-ы и расширители для видеокарт PCI-E," 
  500 р.  
 ",04_25_2018,/sankt-peterburg/tovary_dlya_kompyutera/usb_3.0_riser-y_i_rasshiriteli_dlya_videokart_pci-e_914673268
" GTX 1070 Ti aero 8G в наличии, 36 мес. гарантия"," 
  40 900 р.  
 ",04_25_2018,/sankt-peterburg/tovary_dlya_kompyutera/gtx_1070_ti_aero_8g_v_nalichii_36_mes._garantiya_1633890896
 RX 580 4Gb PowerColor Red Dragon Radeon," 
  22 600 р.  
   ",04_25_2018,/sankt-peterburg/tovary_dlya_kompyutera/rx_580_4gb_powercolor_red_dragon_radeon_1665256942
" GTX 1070 gaming X 8G в наличии, с гарантией"," 
  40 900 р.  
 ",04_25_2018,/sankt-peterburg/tovary_dlya_kompyutera/gtx_1070_gaming_x_8g_v_nalichii_s_garantiey_1614576980
 Видеoкарта Zotac Geforce Gtx 650 ti," 
  2 999 р.  
 ",04_25_2018,/sankt-peterburg/tovary_dlya_kompyutera/videokarta_zotac_geforce_gtx_650_ti_1092722869?slocation=653240
 Видеокарта," 
  4 500 р.  
 ",04_25_2018,/sankt-peterburg/tovary_dlya_kompyutera/videokarta_1634045858
" RX 570 4GB sapphire nitro+ radeon, 3 года гарантии"," 
  22 500 р.  
 ",04_25_2018,/sankt-peterburg/tovary_dlya_kompyutera/rx_570_4gb_sapphire_nitro_radeon_3_goda_garantii_1333470930
 Radeon HD2900 Pro," 
  2 000 р.  
 ",04_25_2018,/sankt-peterburg/tovary_dlya_kompyutera/radeon_hd2900_pro_941350210
 Майнинг ферма," 
  300 000 р.  
 ",04_25_2018,/sankt-peterburg/tovary_dlya_kompyutera/mayning_ferma_1021830687
 Видеокарта gigabyte geforce gtx 970 4gb," 
  15 000 р.  
 ",04_25_2018,/sankt-peterburg/tovary_dlya_kompyutera/videokarta_gigabyte_geforce_gtx_970_4gb_1566581882
 Видеокарта asus GeForce GTX 1070 8192Mb 256bit," 
  26 999 р.  
 ",04_25_2018,/sankt-peterburg/tovary_dlya_kompyutera/videokarta_asus_geforce_gtx_1070_8192mb_256bit_1389012940
 Продам видеокарты," 
  1 000 р.  
 ",04_25_2018,/sankt-peterburg/tovary_dlya_kompyutera/prodam_videokarty_1116891471
 Видеокарта MSI PCI-E GTX660 2G 192b DDR5," 
  4 300 р.  
 ",04_25_2018,/sankt-peterburg/tovary_dlya_kompyutera/videokarta_msi_pci-e_gtx660_2g_192b_ddr5_1387755988?slocation=653240
 Asus Dual GeForce GTX 1070 O8G 8GB," 
  32 000 р.  
   ",04_25_2018,/sankt-peterburg/tovary_dlya_kompyutera/asus_dual_geforce_gtx_1070_o8g_8gb_1470655418
" Palit GTX 1060 6gb, почти новая, без майнинга"," 
  18 000 р.  
 ",04_25_2018,/sankt-peterburg/tovary_dlya_kompyutera/palit_gtx_1060_6gb_pochti_novaya_bez_mayninga_1589798295?slocation=653240
 Видеокарта," 
  700 р.  
 ",04_25_2018,/sankt-peterburg/tovary_dlya_kompyutera/videokarta_1478028621?slocation=653240
 GTX 460 sonic 1024Mb gddr5 256 bit Palit," 
  999 р.  
   ",04_25_2018,/sankt-peterburg/tovary_dlya_kompyutera/gtx_460_sonic_1024mb_gddr5_256_bit_palit_1559193357
 Msi gaming X rx580 4gb Ростест," 
  19 000 р.  
 ",04_25_2018,/sankt-peterburg/tovary_dlya_kompyutera/msi_gaming_x_rx580_4gb_rostest_1642240594
 Видеокарта Radeon HD 6990," 
  8 000 р.  
 ",04_25_2018,/sankt-peterburg/tovary_dlya_kompyutera/videokarta_radeon_hd_6990_944832775?slocation=653240
 Palit nVidia GeForce GTX 1080Ti Super Jetstream," 
  55 000 р.  
 ",04_25_2018,/sankt-peterburg/tovary_dlya_kompyutera/palit_nvidia_geforce_gtx_1080ti_super_jetstream_1680986259
 SLI HB bridge(2-WAY-M)," 
  900 р.  
 ",04_25_2018,/sankt-peterburg/tovary_dlya_kompyutera/sli_hb_bridge2-way-m_1148426383
 Ncp81174-шим контроллер видеокарты," 
  300 р.  
 ",04_25_2018,/sankt-peterburg/tovary_dlya_kompyutera/ncp81174-shim_kontroller_videokarty_1172146967
 Видеокарта Asus Strix GeForce GTX 1070 O8G gaming," 
  35 000 р.  
 ",04_25_2018,/sankt-peterburg/tovary_dlya_kompyutera/videokarta_asus_strix_geforce_gtx_1070_o8g_gaming_1584716713?slocation=653240
 Новая майнинг ферма Saphire Nitro+ RX580 8Gb (6шт)," 
  210 000 р.  
 ",04_25_2018,/sankt-peterburg/tovary_dlya_kompyutera/novaya_mayning_ferma_saphire_nitro_rx580_8gb_6sht_1193182635
 GTX 1070 Ti armor 8G в наличии," 
  41 200 р.  
 ",04_25_2018,/sankt-peterburg/tovary_dlya_kompyutera/gtx_1070_ti_armor_8g_v_nalichii_1458367465
 Gigabyte GF 6600 300Mhz PCI-E 256Mb 600Mhz 128 bit," 
  600 р.  
 ",04_25_2018,/sankt-peterburg/tovary_dlya_kompyutera/gigabyte_gf_6600_300mhz_pci-e_256mb_600mhz_128_bit_1001811567
 Gigabyte gv-n52128d (FX 5200 250Mhz AGP 128Mb )," 
  400 р.  
 ",04_25_2018,/sankt-peterburg/tovary_dlya_kompyutera/gigabyte_gv-n52128d_fx_5200_250mhz_agp_128mb_749348640
 Zotac GF 8500 GT PCI-E 256Mb 800Mhz 128 bit," 
  650 р.  
 ",04_25_2018,/sankt-peterburg/tovary_dlya_kompyutera/zotac_gf_8500_gt_pci-e_256mb_800mhz_128_bit_1056194560
 Sapphire Radeon HD 3650 PCI-E 2.0 256Mb 128 bit," 
  650 р.  
 ",04_25_2018,/sankt-peterburg/tovary_dlya_kompyutera/sapphire_radeon_hd_3650_pci-e_2.0_256mb_128_bit_1161305132
 Colorful GeForce 6800 GS 425Mhz PCI-E 128Mb 256bit," 
  600 р.  
 ",04_25_2018,/sankt-peterburg/tovary_dlya_kompyutera/colorful_geforce_6800_gs_425mhz_pci-e_128mb_256bit_880257281
 Radeon 9100 64m ddr v/d/vo (64mb 128bit)," 
  250 р.  
 ",04_25_2018,/sankt-peterburg/tovary_dlya_kompyutera/radeon_9100_64m_ddr_vdvo_64mb_128bit_744002719
 Asus GeForce 6200 TC-64 (PCI-E 256mb 64bit)," 
  550 р.  
 ",04_25_2018,/sankt-peterburg/tovary_dlya_kompyutera/asus_geforce_6200_tc-64_pci-e_256mb_64bit_771788574
 MSI GeForce 6600 350Mhz PCI-E 256Mb 800Mhz 128 bit," 
  600 р.  
 ",04_25_2018,/sankt-peterburg/tovary_dlya_kompyutera/msi_geforce_6600_350mhz_pci-e_256mb_800mhz_128_bit_826773686
 Palit GeForce 8600 GT 600Mhz (PCI-E 256Mb 128bit)," 
  650 р.  
 ",04_25_2018,/sankt-peterburg/tovary_dlya_kompyutera/palit_geforce_8600_gt_600mhz_pci-e_256mb_128bit_826770962
 Palit GeForce 8400 GS 450Mhz PCI-E 256Mb 64 bit," 
  600 р.  
 ",04_25_2018,/sankt-peterburg/tovary_dlya_kompyutera/palit_geforce_8400_gs_450mhz_pci-e_256mb_64_bit_578148255
 MSI GeForce 6200 TC-64," 
  450 р.  
 ",04_25_2018,/sankt-peterburg/tovary_dlya_kompyutera/msi_geforce_6200_tc-64_872752970
 Asus EAH2400PRO 256 Мб DDR2 64 бита PCI Express," 
  650 р.  
 ",04_25_2018,/sankt-peterburg/tovary_dlya_kompyutera/asus_eah2400pro_256_mb_ddr2_64_bita_pci_express_848380043
 SapphireRadeon HD2600Pro 600Mhz(PCI-E256Mb128bit)," 
  700 р.  
 ",04_25_2018,/sankt-peterburg/tovary_dlya_kompyutera/sapphireradeon_hd2600pro_600mhzpci-e256mb128bit_793741073
 Asus GF FX 5200 250Mhz AGP 128Mb 400Mhz 64 bit DVI," 
  400 р.  
 ",04_25_2018,/sankt-peterburg/tovary_dlya_kompyutera/asus_gf_fx_5200_250mhz_agp_128mb_400mhz_64_bit_dvi_732454944
 Sparkle nvidia GeForce FX 5500," 
  400 р.  
 ",04_25_2018,/sankt-peterburg/tovary_dlya_kompyutera/sparkle_nvidia_geforce_fx_5500_724291127
 Zotac GeForce 8500 GT 450Mhz(PCI-E 256Mb 128bit )," 
  650 р.  
 ",04_25_2018,/sankt-peterburg/tovary_dlya_kompyutera/zotac_geforce_8500_gt_450mhzpci-e_256mb_128bit_814521605
 Radeon X1600 Pro 500Mhz AGP 512Mb 780Mhz 128 bit," 
  1 000 р.  
 ",04_25_2018,/sankt-peterburg/tovary_dlya_kompyutera/radeon_x1600_pro_500mhz_agp_512mb_780mhz_128_bit_988347437
 Radeon X800 XT 520Mhz AGP 256Mb 1000Mhz 256 bit," 
  750 р.  
 ",04_25_2018,/sankt-peterburg/tovary_dlya_kompyutera/radeon_x800_xt_520mhz_agp_256mb_1000mhz_256_bit_1089431170
 Gigabyte GV-R545SC-1GI(1Gb (PCI-E ) DDR3)," 
  1 750 р.  
 ",04_25_2018,/sankt-peterburg/tovary_dlya_kompyutera/gigabyte_gv-r545sc-1gi1gb_pci-e_ddr3_848359935
 Galaxy GeForce 8600 GTS 675Mhz PCI-E 256Mb 2000Mhz," 
  800 р.  
 ",04_25_2018,/sankt-peterburg/tovary_dlya_kompyutera/galaxy_geforce_8600_gts_675mhz_pci-e_256mb_2000mhz_856264352
 Palit GF 8600 GTS 675mhzpci-E 512Mb2000Mhz 128bit," 
  900 р.  
 ",04_25_2018,/sankt-peterburg/tovary_dlya_kompyutera/palit_gf_8600_gts_675mhzpci-e_512mb2000mhz_128bit_1097972104
 Sapphire Radeon HD 4730 750Mhz PCI-E 2.0 512Mb," 
  1 100 р.  
 ",04_25_2018,/sankt-peterburg/tovary_dlya_kompyutera/sapphire_radeon_hd_4730_750mhz_pci-e_2.0_512mb_956318670
 Asus GF FX 5200 250Mhz (AGP 128Mb 400Mhz 128 bit )," 
  400 р.  
 ",04_25_2018,/sankt-peterburg/tovary_dlya_kompyutera/asus_gf_fx_5200_250mhz_agp_128mb_400mhz_128_bit_779381018
 Asus GeForce 8600 GT 540Mhz PCI-E 512Mb 1400Mhz," 
  950 р.  
 ",04_25_2018,/sankt-peterburg/tovary_dlya_kompyutera/asus_geforce_8600_gt_540mhz_pci-e_512mb_1400mhz_747091650
 Nvidia GeForce FX 5200," 
  400 р.  
 ",04_25_2018,/sankt-peterburg/tovary_dlya_kompyutera/nvidia_geforce_fx_5200_732484590
 Gigabyte GeForce 4 MX 4000 275Mhz AGP 128Mb 400Mhz," 
  350 р.  
 ",04_25_2018,/sankt-peterburg/tovary_dlya_kompyutera/gigabyte_geforce_4_mx_4000_275mhz_agp_128mb_400mhz_740609893
 Nvidia GeForce FX 5500 270Mhz (AGP 128Mb 128 bit)," 
  400 р.  
 ",04_25_2018,/sankt-peterburg/tovary_dlya_kompyutera/nvidia_geforce_fx_5500_270mhz_agp_128mb_128_bit_771687086
 PowerColor Radeon 9550 R96-LC3 128MB 128-Bit (AGP)," 
  400 р.  
 ",04_25_2018,/sankt-peterburg/tovary_dlya_kompyutera/powercolor_radeon_9550_r96-lc3_128mb_128-bit_agp_754626467
" MicroStar svga G4MX460-VTP MS-8867 64Mb DDR, vivo"," 
  400 р.  
 ",04_25_2018,/sankt-peterburg/tovary_dlya_kompyutera/microstar_svga_g4mx460-vtp_ms-8867_64mb_ddr_vivo_826699314
 RX 580 под заказ," 
  21 900 р.  
 ",04_25_2018,/sankt-peterburg/tovary_dlya_kompyutera/rx_580_pod_zakaz_1456560780?slocation=653240
 Asus strix 1050 ti 4GB," 
  12 500 р.  
 ",04_25_2018,/sankt-peterburg/tovary_dlya_kompyutera/asus_strix_1050_ti_4gb_1353598386
 Видеокарта radeon gc-r9600/xt rev 1.3," 
  300 р.  
 ",04_25_2018,/sankt-peterburg/tovary_dlya_kompyutera/videokarta_radeon_gc-r9600xt_rev_1.3_1297107647?slocation=653240
 Nvidia GeForce GTX 1070 Founders Edition," 
  29 000 р.  
 ",04_25_2018,/sankt-peterburg/tovary_dlya_kompyutera/nvidia_geforce_gtx_1070_founders_edition_1136039397?slocation=653240
 MSI 1080 Ti 11gb Gaming X," 
  63 000 р.  
 ",04_25_2018,/sankt-peterburg/tovary_dlya_kompyutera/msi_1080_ti_11gb_gaming_x_1280023908
 Видеокарта," 
  3 500 р.  
 ",04_25_2018,/sankt-peterburg/tovary_dlya_kompyutera/videokarta_1639274619?slocation=653240
 Asus gtx 650 ti," 
  2 500 р.  
 ",04_25_2018,/sankt-peterburg/tovary_dlya_kompyutera/asus_gtx_650_ti_1418101576
 Видеокарта Asus GeForce engt 240 (GF240)," 
  1 200 р.  
 ",04_25_2018,/sankt-peterburg/tovary_dlya_kompyutera/videokarta_asus_geforce_engt_240_gf240_1524646933
 Pinnacle Systems Bendino V1.0 A /Карта для видео," 
  999 р.  
   ",04_25_2018,/sankt-peterburg/tovary_dlya_kompyutera/pinnacle_systems_bendino_v1.0_a_karta_dlya_video_1035856594
 Nvidea geforce 8600 gts," 
  700 р.  
 ",04_25_2018,/sankt-peterburg/tovary_dlya_kompyutera/nvidea_geforce_8600_gts_1249773773
 Gtx 745 2gb," 
  1 800 р.  
   ",04_25_2018,/sankt-peterburg/tovary_dlya_kompyutera/gtx_745_2gb_1083724970
 Palit geforce 1060 3gb," 
  13 000 р.  
 ",04_25_2018,/sankt-peterburg/tovary_dlya_kompyutera/palit_geforce_1060_3gb_1560522104?slocation=653240
 Gigabyte Radeon RX460 2gb," 
  7 000 р.  
 ",04_25_2018,/sankt-peterburg/tovary_dlya_kompyutera/gigabyte_radeon_rx460_2gb_1551321641
 Asus strix GTX1060 OC 6gb," 
  32 000 р.  
 ",04_25_2018,/sankt-peterburg/tovary_dlya_kompyutera/asus_strix_gtx1060_oc_6gb_1631963463?slocation=653240
 Gigabyte Ati Radeon9550 AGP 128mb ddr," 
  300 р.  
 ",04_25_2018,/sankt-peterburg/tovary_dlya_kompyutera/gigabyte_ati_radeon9550_agp_128mb_ddr_1027361194
 Видеокарта zotac GTS 250 512 Мб gddr3," 
  500 р.  
 ",04_25_2018,/sankt-peterburg/tovary_dlya_kompyutera/videokarta_zotac_gts_250_512_mb_gddr3_1314421062?slocation=653240
 Видеокарта MSI P104-100 miner 4G," 
  37 500 р.  
 ",04_25_2018,/sankt-peterburg/tovary_dlya_kompyutera/videokarta_msi_p104-100_miner_4g_1314467760
 Gigabyte GTX 1080 Ti Xtreme," 
  1 041 000 р.  
 ",04_25_2018,/sankt-peterburg/tovary_dlya_kompyutera/gigabyte_gtx_1080_ti_xtreme_1666119947
 Мост SLI гибкий," 
  500 р.  
 ",04_25_2018,/sankt-peterburg/tovary_dlya_kompyutera/most_sli_gibkiy_1332061596
 Видеокарта Asus GTX 1050TI 4GB GTX1050TI-O4G," 
  12 000 р.  
 ",04_25_2018,/sankt-peterburg/tovary_dlya_kompyutera/videokarta_asus_gtx_1050ti_4gb_gtx1050ti-o4g_1318685374?slocation=653240
 Рабочие низкопрофильные nvidia / radeon HD," 
  400 р.  
 ",04_25_2018,/sankt-peterburg/tovary_dlya_kompyutera/rabochie_nizkoprofilnye_nvidia_radeon_hd_1240945000
 Быстрейшая MSI GT730 1GB DDR5 (что важно)," 
  1 950 р.  
 ",04_25_2018,/sankt-peterburg/tovary_dlya_kompyutera/bystreyshaya_msi_gt730_1gb_ddr5_chto_vazhno_1712702842
 Видеокарта Msi gtx 960 gaming 4g," 
  8 500 р.  
 ",04_25_2018,/sankt-peterburg/tovary_dlya_kompyutera/videokarta_msi_gtx_960_gaming_4g_1696006960
 Видеокарта rx 470 4 gb," 
  16 500 р.  
 ",04_25_2018,/sankt-peterburg/tovary_dlya_kompyutera/videokarta_rx_470_4_gb_1679910080
 Gigabyte gtx1060 wf2 oc 3gb," 
  15 000 р.  
 ",04_25_2018,/sankt-peterburg/tovary_dlya_kompyutera/gigabyte_gtx1060_wf2_oc_3gb_1569583444
 Nvidia GeForce 8600GTS," 
  1 000 р.  
 ",04_25_2018,/sankt-peterburg/tovary_dlya_kompyutera/nvidia_geforce_8600gts_1022611885
 Asus Gtx 680 2gb," 
  8 250 р.  
 ",04_25_2018,/sankt-peterburg/tovary_dlya_kompyutera/asus_gtx_680_2gb_1546620735?slocation=653240
 Palit GeForce GTX 1080 1746Mhz GameRock Premium," 
  39 900 р.  
   ",04_25_2018,/sankt-peterburg/tovary_dlya_kompyutera/palit_geforce_gtx_1080_1746mhz_gamerock_premium_1406745175
 Asus Strix Radeon RX 580 O8G," 
  26 500 р.  
 ",04_25_2018,/sankt-peterburg/tovary_dlya_kompyutera/asus_strix_radeon_rx_580_o8g_1208075597
 Майнинг Ферма(Риг) Любые решения," 
  70 000 р.  
 ",04_25_2018,/sankt-peterburg/tovary_dlya_kompyutera/mayning_fermarig_lyubye_resheniya_1068236057
 Video kapma Gigabyte HD5450 1Gb DDR3/PCI-E 2.0," 
  2 500 р.  
 ",04_25_2018,/sankt-peterburg/tovary_dlya_kompyutera/video_kapma_gigabyte_hd5450_1gb_ddr3pci-e_2.0_556501260
 Видеокарта nvidia GeForce GT 730," 
  2 500 р.  
 ",04_25_2018,/sankt-peterburg/tovary_dlya_kompyutera/videokarta_nvidia_geforce_gt_730_1663822076
 Майнинг ферма 26 видеокарт," 
  700 000 р.  
 ",04_25_2018,/sankt-peterburg/tovary_dlya_kompyutera/mayning_ferma_26_videokart_1546566681
 Майнинг ферма 13 GPU RX470," 
  400 000 р.  
 ",04_25_2018,/sankt-peterburg/tovary_dlya_kompyutera/mayning_ferma_13_gpu_rx470_1593453847
 Видеокарта MSI P104-100 miner 4G," 
  37 500 р.  
 ",04_25_2018,/sankt-peterburg/tovary_dlya_kompyutera/videokarta_msi_p104-100_miner_4g_1314467760
 Майнинг Ферма(Риг) Любые решения," 
  70 000 р.  
 ",04_25_2018,/sankt-peterburg/tovary_dlya_kompyutera/mayning_fermarig_lyubye_resheniya_1068236057
 Майнинг ферма 26 видеокарт," 
  700 000 р.  
 ",04_25_2018,/sankt-peterburg/tovary_dlya_kompyutera/mayning_ferma_26_videokart_1546566681
 Майнинг ферма 13 GPU RX470," 
  400 000 р.  
 ",04_25_2018,/sankt-peterburg/tovary_dlya_kompyutera/mayning_ferma_13_gpu_rx470_1593453847
" Райзер ver 007, 008s, переходники, синхронизаторы"," 
  250 р.  
 ",04_25_2018,/sankt-peterburg/tovary_dlya_kompyutera/rayzer_ver_007_008s_perehodniki_sinhronizatory_1052555344?slocation=653240
 Palit geforce GTX 1070 8GB," 
  34 000 р.  
 ",04_25_2018,/sankt-peterburg/tovary_dlya_kompyutera/palit_geforce_gtx_1070_8gb_938991625
 Antminer S9 13.5 Th/s в наличии," 
  95 000 р.  
 ",04_25_2018,/sankt-peterburg/tovary_dlya_kompyutera/antminer_s9_13.5_ths_v_nalichii_1052185771
 Майнинг Ферма на GTX 1080Ti," 
  90 000 р.  
 ",04_25_2018,/sankt-peterburg/tovary_dlya_kompyutera/mayning_ferma_na_gtx_1080ti_1198310196
 Asus EX-GTX1070 O8G," 
  32 500 р.  
 ",04_25_2018,/sankt-peterburg/tovary_dlya_kompyutera/asus_ex-gtx1070_o8g_1433138459
 Райзер Riser VER 006 USB 3.0 4Pin IDE Molex," 
  250 р.  
 ",04_25_2018,/sankt-peterburg/tovary_dlya_kompyutera/rayzer_riser_ver_006_usb_3.0_4pin_ide_molex_1093287946
 Видеокарта Asus DirectCu2," 
  5 000 р.  
 ",04_25_2018,/sankt-peterburg/tovary_dlya_kompyutera/videokarta_asus_directcu2_1662074158
 Видеокарта Asus GTX560 1Gb неисправна," 
  1 000 р.  
 ",04_25_2018,/sankt-peterburg/tovary_dlya_kompyutera/videokarta_asus_gtx560_1gb_neispravna_1642451291?slocation=653240
 Видеокарта HD7850," 
  4 400 р.  
 ",04_25_2018,/sankt-peterburg/tovary_dlya_kompyutera/videokarta_hd7850_1455678225
 Видеокарта gtx760 2gb," 
  7 500 р.  
 ",04_25_2018,/sankt-peterburg/tovary_dlya_kompyutera/videokarta_gtx760_2gb_1458830404?slocation=653240
 Gtx 1050ti Palit 1050 ti без доппитания 4Гб," 
  10 500 р.  
 ",04_25_2018,/sankt-peterburg/tovary_dlya_kompyutera/gtx_1050ti_palit_1050_ti_bez_doppitaniya_4gb_1255402835
" Майнер Асик S9 13,5 TH/s март с обп"," 
  96 000 р.  
 ",04_25_2018,/sankt-peterburg/tovary_dlya_kompyutera/mayner_asik_s9_135_ths_mart_s_obp_1487974667
 GeForce GTX 1050 Ti 4Gb," 
  11 000 р.  
 ",04_25_2018,/sankt-peterburg/tovary_dlya_kompyutera/geforce_gtx_1050_ti_4gb_1249260598?slocation=653240
 Asic Antminer s9 13.5Th new с обп в наличии," 
  95 000 р.  
 ",04_25_2018,/sankt-peterburg/tovary_dlya_kompyutera/asic_antminer_s9_13.5th_new_s_obp_v_nalichii_1069827449
 Райзер SATA," 
  200 р.  
 ",04_25_2018,/sankt-peterburg/tovary_dlya_kompyutera/rayzer_sata_1511930952
 Райзер 6 pin," 
  200 р.  
 ",04_25_2018,/sankt-peterburg/tovary_dlya_kompyutera/rayzer_6_pin_1586662593?slocation=653240
 Asic s9 в наличии реальная цена," 
  85 000 р.  
 ",04_25_2018,/sankt-peterburg/tovary_dlya_kompyutera/asic_s9_v_nalichii_realnaya_tsena_926092089
 Видеокарта Radeon HD 6970," 
  5 000 р.  
 ",04_25_2018,/sankt-peterburg/tovary_dlya_kompyutera/videokarta_radeon_hd_6970_1697456881?slocation=653240
 Майнинг ферма на 1000 Mh," 
  1 000 000 р.  
 ",04_25_2018,/sankt-peterburg/tovary_dlya_kompyutera/mayning_ferma_na_1000_mh_1322536379?slocation=653240
 Palit GeForce GTX 1070," 
  33 000 р.  
 ",04_25_2018,/sankt-peterburg/tovary_dlya_kompyutera/palit_geforce_gtx_1070_1099299392
 MSI GeForce GTX 1060 aero ITX 3GB," 
  18 900 р.  
 ",04_25_2018,/sankt-peterburg/tovary_dlya_kompyutera/msi_geforce_gtx_1060_aero_itx_3gb_1236732274?slocation=653240
 Gigabyte GTX 1070 Windforce II OC 8G - новые," 
  34 900 р.  
 ",04_25_2018,/sankt-peterburg/tovary_dlya_kompyutera/gigabyte_gtx_1070_windforce_ii_oc_8g_-_novye_1180804520
 Asus ROG strix RX 580 OC O8G/T8G новые," 
  27 900 р.  
 ",04_25_2018,/sankt-peterburg/tovary_dlya_kompyutera/asus_rog_strix_rx_580_oc_o8gt8g_novye_1657804001
 Видеокарта," 
  8 000 р.  
 ",04_25_2018,/sankt-peterburg_pushkin/tovary_dlya_kompyutera/videokarta_1357457002
 Продаётся плата вид.захвата для пк Pinnacle Studio," 
  1 049 р.  
 ",04_25_2018,/sankt-peterburg/tovary_dlya_kompyutera/prodaetsya_plata_vid.zahvata_dlya_pk_pinnacle_studio_1095138405
 Видеокарта Asus GeForce GTX 1070 Dual 8 Gb," 
  32 000 р.  
 ",04_25_2018,/sankt-peterburg/tovary_dlya_kompyutera/videokarta_asus_geforce_gtx_1070_dual_8_gb_1253348861?slocation=653240
 Видеокарта Asus radeon r5 230," 
  1 599 р.  
 ",04_25_2018,/sankt-peterburg/tovary_dlya_kompyutera/videokarta_asus_radeon_r5_230_913978236
 Майнинг ферма Nvidia Gigabyte GTX 1070 x 5," 
  220 000 р.  
 ",04_25_2018,/sankt-peterburg/tovary_dlya_kompyutera/mayning_ferma_nvidia_gigabyte_gtx_1070_x_5_1271469887
 Майнинг ферма на 2х GTX 1060 6gb," 
  78 000 р.  
 ",04_25_2018,/sankt-peterburg/tovary_dlya_kompyutera/mayning_ferma_na_2h_gtx_1060_6gb_1536255344
 Майнинг ферма на 4 картах Gigabyte 1070," 
  180 000 р.  
 ",04_25_2018,/sankt-peterburg/tovary_dlya_kompyutera/mayning_ferma_na_4_kartah_gigabyte_1070_1384833927
 Майнинг ферма 4 х GTX 1050Ti," 
  75 000 р.  
 ",04_25_2018,/sankt-peterburg/tovary_dlya_kompyutera/mayning_ferma_4_h_gtx_1050ti_1713827268
 Майнинг ферма RX 580," 
  58 000 р.  
 ",04_25_2018,/sankt-peterburg/tovary_dlya_kompyutera/mayning_ferma_rx_580_1223485589
 Майнинг ферма," 
  190 000 р.  
   ",04_25_2018,/sankt-peterburg/tovary_dlya_kompyutera/mayning_ferma_943064836
 Майнинг ферма 4 x GTX 1060," 
  120 000 р.  
 ",04_25_2018,/sankt-peterburg/tovary_dlya_kompyutera/mayning_ferma_4_x_gtx_1060_1444226021
 Ферма для майнинга 8 х GTX GeForce 1080Ti," 
  590 000 р.  
 ",04_25_2018,/sankt-peterburg/tovary_dlya_kompyutera/ferma_dlya_mayninga_8_h_gtx_geforce_1080ti_1434645563
 Майнинг Ферма 8 х GeForce GTX 1070," 
  333 000 р.  
 ",04_25_2018,/sankt-peterburg/tovary_dlya_kompyutera/mayning_ferma_8_h_geforce_gtx_1070_1402169927
 Ферма майнинг 4 х Geforce GTX 1080 Ti," 
  276 000 р.  
 ",04_25_2018,/sankt-peterburg/tovary_dlya_kompyutera/ferma_mayning_4_h_geforce_gtx_1080_ti_1026835994
 Майнинг ферма 6х 1080 GTX 1080 TI," 
  403 000 р.  
 ",04_25_2018,/sankt-peterburg/tovary_dlya_kompyutera/mayning_ferma_6h_1080_gtx_1080_ti_1091223908
 Видеокарта Gigabyte gtx 1060 6gb," 
  18 000 р.  
 ",04_25_2018,/sankt-peterburg/tovary_dlya_kompyutera/videokarta_gigabyte_gtx_1060_6gb_1363978672?slocation=653240
 Майнинг ферма 1070 6 и 4," 
  400 000 р.  
 ",04_25_2018,/sankt-peterburg/tovary_dlya_kompyutera/mayning_ferma_1070_6_i_4_1462867445
 Palit GameRock GTX 1070," 
  35 000 р.  
   ",04_25_2018,/sankt-peterburg/tovary_dlya_kompyutera/palit_gamerock_gtx_1070_1615264631
 Майнинг Ферма на GTX 1060," 
  50 000 р.  
 ",04_25_2018,/sankt-peterburg/tovary_dlya_kompyutera/mayning_ferma_na_gtx_1060_1087682039
 Видеокарта Rondaful 128-битная PCI-E," 
  5 000 р.  
 ",04_25_2018,/sankt-peterburg/tovary_dlya_kompyutera/videokarta_rondaful_128-bitnaya_pci-e_1197350782
 Рейзер," 
  450 р.  
 ",04_25_2018,/sankt-peterburg/tovary_dlya_kompyutera/reyzer_1469532813
 Riser Card Райзер PCI-E USB 3.0 molex VER 006," 
  295 р.  
 ",04_25_2018,/sankt-peterburg/tovary_dlya_kompyutera/riser_card_rayzer_pci-e_usb_3.0_molex_ver_006_1091051883
 GTX1060 3Gb Asus Dual 2 штуки," 
  15 500 р.  
 ",04_25_2018,/sankt-peterburg/tovary_dlya_kompyutera/gtx1060_3gb_asus_dual_2_shtuki_1256739822
 Видеокарта 1080ti," 
  47 000 р.  
 ",04_25_2018,/sankt-peterburg/tovary_dlya_kompyutera/videokarta_1080ti_1216900824
 Radeon HD 7870," 
  5 000 р.  
 ",04_25_2018,/sankt-peterburg/tovary_dlya_kompyutera/radeon_hd_7870_1022611128?slocation=653240
 Asus Radeon Dual RX580 4gb," 
  17 000 р.  
 ",04_25_2018,/sankt-peterburg/tovary_dlya_kompyutera/asus_radeon_dual_rx580_4gb_1038747941
 Видеокарта V9520Magic/T," 
  300 р.  
 ",04_25_2018,/sankt-peterburg/tovary_dlya_kompyutera/videokarta_v9520magict_1210915434
 Asus Cerberus GeForce GTX 1050 Ti OC Edition," 
  11 500 р.  
 ",04_25_2018,/sankt-peterburg/tovary_dlya_kompyutera/asus_cerberus_geforce_gtx_1050_ti_oc_edition_1494496576?slocation=653240
 Видеокарта для ноутбука Nvidia 680M GTX 2Gb MXM," 
  15 000 р.  
   ",04_25_2018,/sankt-peterburg/tovary_dlya_kompyutera/videokarta_dlya_noutbuka_nvidia_680m_gtx_2gb_mxm_310949017
 MSI GeForce GTX 1060 1544Mhz 6GB 8008Mhz 192bit ae," 
  26 990 р.  
 ",04_25_2018,/sankt-peterburg/tovary_dlya_kompyutera/msi_geforce_gtx_1060_1544mhz_6gb_8008mhz_192bit_ae_1691377269
 GTX 760," 
  8 000 р.  
 ",04_25_2018,/sankt-peterburg/tovary_dlya_kompyutera/gtx_760_1509955611?slocation=653240
 Видеокарта," 
  3 500 р.  
 ",04_25_2018,/sankt-peterburg/tovary_dlya_kompyutera/videokarta_1197731513
 Комплектующие для пк," 
  14 800 р.  
 ",04_25_2018,/sankt-peterburg_pushkin/tovary_dlya_kompyutera/komplektuyuschie_dlya_pk_1571288727?slocation=653240
 Gtx 1060," 
  18 000 р.  
 ",04_25_2018,/sankt-peterburg/tovary_dlya_kompyutera/gtx_1060_1073992551
 MSI armor GTX 1080Ti 11 Gb," 
  60 000 р.  
 ",04_25_2018,/sankt-peterburg/tovary_dlya_kompyutera/msi_armor_gtx_1080ti_11_gb_1302965715?slocation=653240
 Asus GTX 650 под ремонт," 
  1 500 р.  
   ",04_25_2018,/sankt-peterburg/tovary_dlya_kompyutera/asus_gtx_650_pod_remont_1048620266
 Видеокарта MSI GTX 1060 PCI-E 3.0 гарантия," 
  23 000 р.  
 ",04_25_2018,/sankt-peterburg/tovary_dlya_kompyutera/videokarta_msi_gtx_1060_pci-e_3.0_garantiya_1528051591?slocation=653240
 Видеокарта asus GeFofce GT 520 1 Gb," 
  1 500 р.  
 ",04_25_2018,/sankt-peterburg/tovary_dlya_kompyutera/videokarta_asus_gefofce_gt_520_1_gb_1139660337
 MSI GTX 970 Limited Edition мощная 4гб Видеокарта," 
  16 000 р.  
 ",04_25_2018,/sankt-peterburg/tovary_dlya_kompyutera/msi_gtx_970_limited_edition_moschnaya_4gb_videokarta_953937689
 Palit GameRock GTX 1070," 
  35 000 р.  
   ",04_25_2018,/sankt-peterburg/tovary_dlya_kompyutera/palit_gamerock_gtx_1070_1615264631
 Майнинг Ферма на GTX 1060," 
  50 000 р.  
 ",04_25_2018,/sankt-peterburg/tovary_dlya_kompyutera/mayning_ferma_na_gtx_1060_1087682039
 Riser Card Райзер PCI-E USB 3.0 molex VER 006," 
  295 р.  
 ",04_25_2018,/sankt-peterburg/tovary_dlya_kompyutera/riser_card_rayzer_pci-e_usb_3.0_molex_ver_006_1091051883
